protein,seq,tc
FUS_WT,MASNDYTQQATQSYGAYPTQPGQGYSQQSSQPYGQQSYSGYSQSTDTSGYGQSSYSSYGQSQNTGYGTQSTPQGYGSTGGYGSSQSSQSSYGQQSSYPGYGQQPAPSSTSGSYGSSSQSSSYGQPQSGSYSQQPSYGGQQQSYGQQQSYNPPQGYGQQNQYNS,359.1
FUS_6E,MASNDYTQQATQSYGAYPTQPGQGYEQQSEQPYGQQSYSGYSQSTDTSGYGQSSYSSYGQSQNTGYGEQSTPQGYGSTGGYGSEQSEQSSYGQQSSYPGYGQQPAPSSTSGSYGSSEQSSSYGQPQSGSYSQQPSYGGQQQSYGQQQSYNPPQGYGQQNQYNS,338.9
FUS_6Eâ€™,MASNDYTQQATQSYGAYPEQPGQGYEQQSEQPYGQQSYSGYEQSTDTSGYGQSSYSSYGQEQNTGYGTQSTPQGYGSTGGYGSEQSSQSSYGQQSSYPGYGQQPAPSSTSGSYGSSSQSSSYGQPQSGSYSQQPSYGGQQQSYGQQQSYNPPQGYGQQNQYNS,339.5
FUS_6E*,MASNDYEQQATQSYGAYPTQPGQGYEQQSSQPYGQQSYSGYSQSTDTSGYGQSSYSSYGQSQNTGYGTQSTPQGYGSTGGYGSEQSEQSSYGQQSSYPGYGQQPAPSSTSGSYGSSEQSSSYGQPQSGSYEQQPSYGGQQQSYGQQQSYNPPQGYGQQNQYNS,338.6
FUS_12E,MASNDYEQQAEQSYGAYPEQPGQGYEQQSEQPYGQQSYSGYEQSTDTSGYGQSSYSSYGQEQNTGYGEQSTPQGYGSTGGYGSEQSEQSSYGQQSSYPGYGQQPAPSSTSGSYGSSEQSSSYGQPQSGSYEQQPSYGGQQQSYGQQQSYNPPQGYGQQNQYNS,290.0
FUS_40(2),MASNDYTQQATQSYGAYPTQPGQGYSQQSSQPYGQQSYSG,348.8
FUS_YtoF,MASNDFTQQATQSFGAFPTQPGQGFSQQSSQPFGQQSFSGFSQSTDTSGFGQSSFSSFGQSQNTGFGTQSTPQGFGSTGGFGSSQSSQSSFGQQSSFPGFGQQPAPSSTSGSFGSSSQSSSFGQPQSGSFSQQPSFGGQQQSFGQQQSFNPPQGFGQQNQFNS,372.0
hnRNPA2_WT,GRGGNFGFGDSRGGGGNFGPGPGSNFRGGSDGYGSGRGFGDGYNGYGGGPGGGNFGGSPGYGGGRGGYGGGGPGYGNQGGGYGGGYDNYGGGNYGSGNYNDFGNYNQQPSNYGPMKSGNFGGSRNMGGPYGGGNYGPGGSGGSGGYGGRSRY,315.2
hnRNPA2_D290V,GRGGNFGFGDSRGGGGNFGPGPGSNFRGGSDGYGSGRGFGDGYNGYGGGPGGGNFGGSPGYGGGRGGYGGGGPGYGNQGGGYGGGYDNYGGGNYGSGNYNVFGNYNQQPSNYGPMKSGNFGGSRNMGGPYGGGNYGPGGSGGSGGYGGRSRY,311.5
hnRNPA2_P298L,GRGGNFGFGDSRGGGGNFGPGPGSNFRGGSDGYGSGRGFGDGYNGYGGGPGGGNFGGSPGYGGGRGGYGGGGPGYGNQGGGYGGGYDNYGGGNYGSGNYNDFGNYNQQLSNYGPMKSGNFGGSRNMGGPYGGGNYGPGGSGGSGGYGGRSRY,315.4
LAF-1_IDR_WT,MESNQSNNGGSGNAALNRGGRYVPPHLRGGDGGAAAAASAGGDDRRGGAGGGGYRRGGGNSGGGGGGGYDRGYNDNRDDRDNRGGSGGYGRDRNYEDRGYNGGGGGGGNRGYNNNRGGGGGGYNRQDRGDGGSSNFSRGGYNNRDEGSDNRGSGRSYNNDRRDNGGDG,246.1
LAF-1_IDR_P24G/P25G,MESNQSNNGGSGNAALNRGGRYVGGHLRGGDGGAAAAASAGGDDRRGGAGGGGYRRGGGNSGGGGGGGYDRGYNDNRDDRDNRGGSGGYGRDRNYEDRGYNGGGGGGGNRGYNNNRGGGGGGYNRQDRGDGGSSNFSRGGYNNRDEGSDNRGSGRSYNNDRRDNGGDG,243.1
LAF-1_IDR_scramble(21-28),RMESNQSNNGGSGNAALNRGGYGGDGGAAAAASAGGDDRRGGVAGGGGYRRGGGNSGGGGGGGYDRPGYNDNRDDRDNRGGSGGYGRDRNYEDRPGYNGGGGGGGNRGYNNNRGGGGGGHYNRQDRGDGGSSNFSRGGYNNRLDEGSDNRGSGRSYNNDRRDNGGRDG,242.7
TDP-43_CTD,GRFGGNPGGFGNQGGFGNSRGGGAGLGNNQGSNMGGGMNFGAFSINPAMMAAAQAALQSSWGMMGMLASQQNQSGPSGNNQNQGNMQREPNQAFGSGNNSYSGSNSGAAIGWGSASNAGSGSGFNGGFGSSMDSKSSGWGM,340.4
LAF-1_Shuffle,AGLNYGSDGGYNGDNAHGGNGRNGGNGRDRYYRRNRYRGGGGGERNRGDNGGNGNPGRGGRNGAGSSRGGNGSGQEAGGAYGGDVRGDDYGFGDGNNNDYQGASRGRGDRSGNGGGRDGGSARGGRRNGDPGDSGNYSAGGRRNREDSGLGASDYGDDRGMYSGNNGN,265.7